Sensor id; Sensor center x; Sensor center y;
3;507.0;137.0;
10;497.0;257.0;
11;556.0;160.0;
18;620.0;187.0;
19;669.0;120.0;
20;716.0;85.0;
26;782.0;140.0;
27;827.0;116.0;
31;825.0;270.0;
218;321.00293;597.323364;
227;347.0;571.0;
228;339.178711;671.43811;
230;449.0;491.0;
231;398.0;579.0;
232;376.0;674.0;
233;340.018585;745.118469;
234;524.0;509.0;
235;461.0;587.0;
236;444.0;684.0;
237;424.347076;775.127686;
238;608.0;550.0;
239;540.0;620.0;
240;506.0;690.0;