Sensor id; Sensor center x; Sensor center y;
2;393.0;256.0;
3;432.0;182.0;
25;653.0;244.0;
26;690.0;212.0;
31;702.6875;325.841797;
32;744.0;273.0;
222;343.0;228.0;
230;387.141602;451.107574;
231;307.754517;521.584351;
232;278.550659;603.61322;
233;239.349976;685.588867;
234;455.0;450.0;
235;372.581848;525.991638;
236;330.842407;601.674683;
237;286.961914;680.418945;
238;532.0;464.0;
239;439.0;555.0;
240;380.0;636.0;